[
  {
    "name": "Iterative Robot",
    "description": "Iterative style",
    "tags": [
      "Iterative"
    ],
    "foldername": "iterative",
    "gradlebase": "java",
    "mainclass": "Main"
  },
  {
    "name": "Timed Robot",
    "description": "Timed style",
    "tags": [
      "Timed"
    ],
    "foldername": "timed",
    "gradlebase": "java",
    "mainclass": "Main"
  },
  {
    "name": "Command Robot",
    "description": "Command style",
    "tags": [
      "Command"
    ],
    "foldername": "commandbased",
    "gradlebase": "java",
    "mainclass": "Main"
  },
  {
    "name": "Sample Robot",
    "description": "Sample style",
    "tags": [
      "Sample"
    ],
    "foldername": "sample",
    "gradlebase": "java",
    "mainclass": "Main"
  }
]
