[
  {
    "name": "Command",
    "description": "Create a base command",
    "tags": [
      "command"
    ],
    "foldername": "command",
    "replacename": "ReplaceMeCommand"
  },
  {
    "name": "Command Group",
    "description": "Create a command group",
    "tags": [
      "commandgroup"
    ],
    "foldername": "commandgroup",
    "replacename": "ReplaceMeCommandGroup"
  },
  {
    "name": "Instant Command",
    "description": "A command that runs immediately",
    "tags": [
      "instantcommand"
    ],
    "foldername": "instant",
    "replacename": "ReplaceMeInstantCommand"
  },
  {
    "name": "Subsystem",
    "description": "A subsystem",
    "tags": [
      "subsystem"
    ],
    "foldername": "subsystem",
    "replacename": "ReplaceMeSubsystem"
  },
  {
    "name": "PID Subsystem",
    "description": "A subsystem that runs a PID loop",
    "tags": [
      "pidsubsystem",
      "pid"
    ],
    "foldername": "pidsubsystem",
    "replacename": "ReplaceMePIDSubsystem"
  },
  {
    "name": "Timed Command",
    "description": "A command that runs for a specified time",
    "tags": [
      "timedcommand"
    ],
    "foldername": "timed",
    "replacename": "ReplaceMeTimedCommand"
  },
  {
    "name": "Trigger",
    "description": "A command that runs off of a trigger",
    "tags": [
      "trigger"
    ],
    "foldername": "trigger",
    "replacename": "ReplaceMeTrigger"
  }
]
